{"content":[],"settings":{"template":"default","system_colors":[{"_id":"primary","title":"Primary","color":"#180A32"},{"_id":"secondary","title":"Secondary","color":"#544E5F"},{"_id":"text","title":"Text","color":"#544E5F"},{"_id":"accent","title":"Accent","color":"#FBAB2A"}],"custom_colors":[{"_id":"a59b299","title":"Vista White","color":"#F7EBED"},{"_id":"bf01190","title":"Ghost White","color":"#FAF8FF"},{"_id":"adb24f5","title":"White","color":"#FFFFFF"},{"_id":"a57515b","title":"Black","color":"#000000"},{"_id":"c1b2c65","title":"Less Opacity White","color":"#FFFFFFED"},{"_id":"7a8f1e0","title":"Violet","color":"#BB98FD"},{"_id":"5fa07e2","title":"Transparent","color":"#FFFFFF00"},{"_id":"5d4237e","title":"Green","color":"#8CE1C9"},{"_id":"be9d9a4","title":"Off White","color":"#F1EAD5"},{"_id":"dbf09cb","title":"15 % White","color":"#FFFFFF1F"},{"_id":"9980a93","title":"Grey Blue","color":"#B0A7C0"},{"_id":"52bc2c7","title":"Azure","color":"#F0FFFB"},{"_id":"3922a79","title":"Pink","color":"#F9A49D"},{"_id":"10ca6f1","title":"Snow White","color":"#FFF7F6"},{"_id":"3a50668","title":"Flash White","color":"#F2FAFB"},{"_id":"2ba0e75","title":"Text 2","color":"#7E7986"}],"system_typography":[{"_id":"primary","title":"Primary","typography_typography":"custom","typography_font_family":"Archivo","typography_font_weight":"700"},{"_id":"secondary","title":"Secondary","typography_typography":"custom","typography_font_family":"Archivo","typography_font_weight":"700"},{"_id":"text","title":"Text","typography_typography":"custom","typography_font_family":"Archivo","typography_font_weight":"400","typography_font_size":{"unit":"px","size":18,"sizes":[]},"typography_line_height":{"unit":"em","size":1.5,"sizes":[]},"typography_font_size_laptop":{"unit":"px","size":16,"sizes":[]},"typography_line_height_laptop":{"unit":"em","size":1.5,"sizes":[]},"typography_font_size_tablet":{"unit":"px","size":16,"sizes":[]},"typography_line_height_tablet":{"unit":"em","size":1.3000000000000000444089209850062616169452667236328125,"sizes":[]},"typography_font_size_mobile":{"unit":"px","size":14,"sizes":[]},"typography_line_height_mobile":{"unit":"em","size":1.5,"sizes":[]}},{"_id":"accent","title":"Accent","typography_typography":"custom","typography_font_family":"Archivo","typography_font_weight":"600","typography_font_size":{"unit":"px","size":18,"sizes":[]},"typography_text_decoration":"none","typography_line_height":{"unit":"em","size":1.5,"sizes":[]},"typography_font_size_laptop":{"unit":"px","size":16,"sizes":[]},"typography_line_height_laptop":{"unit":"em","size":1.100000000000000088817841970012523233890533447265625,"sizes":[]},"typography_font_size_tablet":{"unit":"px","size":16,"sizes":[]},"typography_line_height_tablet":{"unit":"em","size":1.100000000000000088817841970012523233890533447265625,"sizes":[]},"typography_font_size_mobile":{"unit":"px","size":14,"sizes":[]},"typography_line_height_mobile":{"unit":"em","size":1.5,"sizes":[]}}],"custom_typography":[{"_id":"2c68f89","title":"H1","typography_typography":"custom","typography_font_family":"Archivo","typography_font_size":{"unit":"px","size":85,"sizes":[]},"typography_font_weight":"700","typography_text_decoration":"none","typography_line_height":{"unit":"em","size":1.100000000000000088817841970012523233890533447265625,"sizes":[]},"typography_font_size_laptop":{"unit":"px","size":70,"sizes":[]},"typography_line_height_laptop":{"unit":"em","size":1.100000000000000088817841970012523233890533447265625,"sizes":[]},"typography_font_size_tablet":{"unit":"px","size":40,"sizes":[]},"typography_line_height_tablet":{"unit":"em","size":1.1999999999999999555910790149937383830547332763671875,"sizes":[]},"typography_font_size_mobile":{"unit":"px","size":34,"sizes":[]},"typography_line_height_mobile":{"unit":"em","size":1.1999999999999999555910790149937383830547332763671875,"sizes":[]}},{"_id":"2993731","title":"H2","typography_typography":"custom","typography_font_family":"Archivo","typography_font_size":{"unit":"px","size":48,"sizes":[]},"typography_font_weight":"700","typography_text_decoration":"none","typography_line_height":{"unit":"em","size":1.1999999999999999555910790149937383830547332763671875,"sizes":[]},"typography_font_size_laptop":{"unit":"px","size":42,"sizes":[]},"typography_line_height_laptop":{"unit":"em","size":1.100000000000000088817841970012523233890533447265625,"sizes":[]},"typography_font_size_tablet":{"unit":"px","size":32,"sizes":[]},"typography_line_height_tablet":{"unit":"em","size":1.1999999999999999555910790149937383830547332763671875,"sizes":[]},"typography_font_size_mobile":{"unit":"px","size":28,"sizes":[]},"typography_line_height_mobile":{"unit":"em","size":1.1999999999999999555910790149937383830547332763671875,"sizes":[]}},{"_id":"0ec83e1","title":"H3","typography_typography":"custom","typography_font_family":"Archivo","typography_font_size":{"unit":"px","size":22,"sizes":[]},"typography_font_weight":"700","typography_text_decoration":"none","typography_line_height":{"unit":"em","size":1.100000000000000088817841970012523233890533447265625,"sizes":[]},"typography_font_size_laptop":{"unit":"px","size":22,"sizes":[]},"typography_line_height_laptop":{"unit":"em","size":1.100000000000000088817841970012523233890533447265625,"sizes":[]},"typography_font_size_tablet":{"unit":"px","size":18,"sizes":[]},"typography_line_height_tablet":{"unit":"em","size":1.100000000000000088817841970012523233890533447265625,"sizes":[]},"typography_font_size_mobile":{"unit":"px","size":18,"sizes":[]},"typography_line_height_mobile":{"unit":"em","size":1.1999999999999999555910790149937383830547332763671875,"sizes":[]}},{"_id":"d424dfe","title":"H4","typography_typography":"custom","typography_font_family":"Archivo","typography_font_size":{"unit":"px","size":18,"sizes":[]},"typography_font_weight":"500","typography_line_height":{"unit":"em","size":1.5,"sizes":[]},"typography_letter_spacing":{"unit":"px","size":2.5,"sizes":[]},"typography_font_size_laptop":{"unit":"px","size":18,"sizes":[]},"typography_line_height_laptop":{"unit":"em","size":1.100000000000000088817841970012523233890533447265625,"sizes":[]},"typography_font_size_tablet":{"unit":"px","size":16,"sizes":[]},"typography_line_height_tablet":{"unit":"em","size":1.100000000000000088817841970012523233890533447265625,"sizes":[]},"typography_letter_spacing_tablet":{"unit":"px","size":2,"sizes":[]},"typography_font_size_mobile":{"unit":"px","size":16,"sizes":[]},"typography_line_height_mobile":{"unit":"em","size":1.1999999999999999555910790149937383830547332763671875,"sizes":[]}},{"_id":"15568d9","title":"H5","typography_typography":"custom","typography_font_family":"Archivo","typography_font_size":{"unit":"px","size":18,"sizes":[]},"typography_font_weight":"600","typography_text_decoration":"none","typography_line_height":{"unit":"em","size":1.100000000000000088817841970012523233890533447265625,"sizes":[]},"typography_font_size_laptop":{"unit":"px","size":18,"sizes":[]},"typography_line_height_laptop":{"unit":"em","size":1.100000000000000088817841970012523233890533447265625,"sizes":[]},"typography_font_size_tablet":{"unit":"px","size":16,"sizes":[]},"typography_line_height_tablet":{"unit":"em","size":1.100000000000000088817841970012523233890533447265625,"sizes":[]},"typography_font_size_mobile":{"unit":"px","size":16,"sizes":[]},"typography_line_height_mobile":{"unit":"em","size":1.100000000000000088817841970012523233890533447265625,"sizes":[]}},{"_id":"f24c526","title":"H6","typography_typography":"custom","typography_font_family":"Archivo","typography_font_size":{"unit":"px","size":16,"sizes":[]},"typography_font_weight":"500","typography_text_decoration":"none","typography_line_height":{"unit":"em","size":1.100000000000000088817841970012523233890533447265625,"sizes":[]},"typography_font_size_laptop":{"unit":"px","size":16,"sizes":[]},"typography_line_height_laptop":{"unit":"em","size":1.100000000000000088817841970012523233890533447265625,"sizes":[]},"typography_font_size_tablet":{"unit":"px","size":14,"sizes":[]},"typography_line_height_tablet":{"unit":"em","size":1.100000000000000088817841970012523233890533447265625,"sizes":[]},"typography_font_size_mobile":{"unit":"px","size":14,"sizes":[]},"typography_line_height_mobile":{"unit":"em","size":1.1999999999999999555910790149937383830547332763671875,"sizes":[]}},{"_id":"b9f4b0b","title":"Banner Text","typography_typography":"custom","typography_font_family":"Archivo","typography_font_size":{"unit":"px","size":20,"sizes":[]},"typography_font_weight":"400","typography_text_decoration":"none","typography_font_size_laptop":{"unit":"px","size":18,"sizes":[]},"typography_line_height_laptop":{"unit":"em","size":1.5,"sizes":[]},"typography_font_size_tablet":{"unit":"px","size":16,"sizes":[]},"typography_line_height_tablet":{"unit":"em","size":1.5,"sizes":[]},"typography_font_size_mobile":{"unit":"px","size":14,"sizes":[]},"typography_line_height_mobile":{"unit":"em","size":1.5,"sizes":[]}},{"_id":"eb4d841","title":"14 px Text","typography_typography":"custom","typography_font_family":"Archivo","typography_font_size":{"unit":"px","size":14,"sizes":[]},"typography_font_weight":"400","typography_text_decoration":"none","typography_line_height":{"unit":"em","size":1.1999999999999999555910790149937383830547332763671875,"sizes":[]},"typography_font_size_laptop":{"unit":"px","size":14,"sizes":[]},"typography_line_height_laptop":{"unit":"em","size":1.100000000000000088817841970012523233890533447265625,"sizes":[]},"typography_font_size_tablet":{"unit":"px","size":12,"sizes":[]},"typography_line_height_tablet":{"unit":"em","size":1.5,"sizes":[]},"typography_font_size_mobile":{"unit":"px","size":12,"sizes":[]},"typography_line_height_mobile":{"unit":"em","size":1.5,"sizes":[]}},{"_id":"cb8fdbb","title":"16 px Text","typography_typography":"custom","typography_font_family":"Archivo","typography_font_size":{"unit":"px","size":16,"sizes":[]},"typography_font_weight":"400","typography_text_decoration":"none","typography_line_height":{"unit":"em","size":1.5,"sizes":[]},"typography_font_size_laptop":{"unit":"px","size":16,"sizes":[]},"typography_line_height_laptop":{"unit":"em","size":1.5,"sizes":[]},"typography_font_size_tablet":{"unit":"px","size":14,"sizes":[]},"typography_line_height_tablet":{"unit":"em","size":1.3000000000000000444089209850062616169452667236328125,"sizes":[]},"typography_font_size_mobile":{"unit":"px","size":14,"sizes":[]},"typography_line_height_mobile":{"unit":"em","size":1.3000000000000000444089209850062616169452667236328125,"sizes":[]}},{"_id":"bce3189","title":"36 px Heading","typography_typography":"custom","typography_font_family":"Archivo","typography_font_size":{"unit":"px","size":36,"sizes":[]},"typography_font_weight":"700","typography_text_decoration":"none","typography_line_height":{"unit":"em","size":1.100000000000000088817841970012523233890533447265625,"sizes":[]},"typography_font_size_laptop":{"unit":"px","size":32,"sizes":[]},"typography_line_height_laptop":{"unit":"em","size":1.100000000000000088817841970012523233890533447265625,"sizes":[]},"typography_font_size_tablet":{"unit":"px","size":24,"sizes":[]},"typography_line_height_tablet":{"unit":"em","size":1.100000000000000088817841970012523233890533447265625,"sizes":[]},"typography_font_size_mobile":{"unit":"px","size":24,"sizes":[]},"typography_line_height_mobile":{"unit":"em","size":1.100000000000000088817841970012523233890533447265625,"sizes":[]}},{"_id":"710810d","title":"FAQ Accordian","typography_typography":"custom","typography_font_family":"Archivo","typography_font_size":{"unit":"px","size":20,"sizes":[]},"typography_font_weight":"700","typography_text_decoration":"none","typography_line_height":{"unit":"em","size":1.5,"sizes":[]},"typography_font_size_laptop":{"unit":"px","size":18,"sizes":[]},"typography_line_height_laptop":{"unit":"em","size":1.5,"sizes":[]},"typography_font_size_mobile":{"unit":"px","size":14,"sizes":[]},"typography_line_height_mobile":{"unit":"em","size":1.1999999999999999555910790149937383830547332763671875,"sizes":[]}},{"_id":"94c73a7","title":"Testimonial Text","typography_typography":"custom","typography_font_family":"Archivo","typography_font_size":{"unit":"px","size":22,"sizes":[]},"typography_font_weight":"400","typography_text_decoration":"none","typography_line_height":{"unit":"em","size":1.600000000000000088817841970012523233890533447265625,"sizes":[]},"typography_font_size_laptop":{"unit":"px","size":20,"sizes":[]},"typography_font_size_tablet":{"unit":"px","size":18,"sizes":[]},"typography_font_size_mobile":{"unit":"px","size":16,"sizes":[]},"typography_line_height_laptop":{"unit":"em","size":1.5,"sizes":[]},"typography_line_height_tablet":{"unit":"em","size":1.5,"sizes":[]},"typography_line_height_mobile":{"unit":"em","size":1.3000000000000000444089209850062616169452667236328125,"sizes":[]}},{"_id":"f10498d","title":"16 Semi bold","typography_typography":"custom","typography_font_family":"Archivo","typography_font_size":{"unit":"px","size":16,"sizes":[]},"typography_font_weight":"600","typography_text_decoration":"none","typography_line_height":{"unit":"em","size":1.100000000000000088817841970012523233890533447265625,"sizes":[]},"typography_font_size_laptop":{"unit":"px","size":16,"sizes":[]},"typography_font_size_tablet":{"unit":"px","size":14,"sizes":[]},"typography_font_size_mobile":{"unit":"px","size":14,"sizes":[]},"typography_line_height_laptop":{"unit":"em","size":1.100000000000000088817841970012523233890533447265625,"sizes":[]},"typography_line_height_tablet":{"unit":"em","size":1.100000000000000088817841970012523233890533447265625,"sizes":[]},"typography_line_height_mobile":{"unit":"em","size":1.100000000000000088817841970012523233890533447265625,"sizes":[]}},{"_id":"192980f","title":"20px Heading","typography_typography":"custom","typography_font_family":"Archivo","typography_font_size":{"unit":"px","size":20,"sizes":[]},"typography_font_size_laptop":{"unit":"px","size":18,"sizes":[]},"typography_font_size_tablet":{"unit":"px","size":16,"sizes":[]},"typography_font_size_mobile":{"unit":"px","size":16,"sizes":[]},"typography_font_weight":"700","typography_line_height":{"unit":"em","size":1.100000000000000088817841970012523233890533447265625,"sizes":[]},"typography_line_height_laptop":{"unit":"em","size":1.100000000000000088817841970012523233890533447265625,"sizes":[]},"typography_line_height_tablet":{"unit":"em","size":1.100000000000000088817841970012523233890533447265625,"sizes":[]},"typography_line_height_mobile":{"unit":"em","size":1.100000000000000088817841970012523233890533447265625,"sizes":[]},"typography_letter_spacing":{"unit":"px","size":-0.200000000000000011102230246251565404236316680908203125,"sizes":[]}}],"default_generic_fonts":"Sans-serif","page_title_selector":"h1.entry-title","hello_footer_copyright_text":"All rights reserved","activeItemIndex":1,"viewport_md":768,"viewport_lg":1025,"__globals__":{"body_color":"globals\/colors?id=text","body_typography_typography":"globals\/typography?id=text","link_normal_color":"globals\/colors?id=accent","link_normal_typography_typography":"globals\/typography?id=accent","h1_color":"globals\/colors?id=primary","h1_typography_typography":"globals\/typography?id=2c68f89","h2_color":"globals\/colors?id=primary","h2_typography_typography":"globals\/typography?id=2993731","h3_color":"globals\/colors?id=primary","h3_typography_typography":"globals\/typography?id=0ec83e1","h4_color":"globals\/colors?id=accent","h4_typography_typography":"globals\/typography?id=d424dfe","h5_color":"globals\/colors?id=secondary","h5_typography_typography":"globals\/typography?id=15568d9","h6_color":"globals\/colors?id=secondary","h6_typography_typography":"globals\/typography?id=f24c526","button_typography_typography":"globals\/typography?id=accent","button_text_color":"globals\/colors?id=adb24f5","button_background_color":"globals\/colors?id=accent","button_hover_text_color":"","button_hover_background_color":""},"active_breakpoints":["viewport_mobile","viewport_tablet","viewport_laptop"],"body_color":"#7E7986","link_normal_color":"#FBAB2A","h1_color":"#180A32","h2_color":"#180A32","h3_color":"#180A32","h4_color":"#FBAB2A","h5_color":"#544E5F","h6_color":"#544E5F","button_text_color":"#FFFFFF","button_background_color":"#FBAB2A","button_border_radius":{"unit":"px","top":"40","right":"40","bottom":"40","left":"40","isLinked":false},"button_padding":{"unit":"px","top":"18","right":"50","bottom":"18","left":"50","isLinked":false},"colors_enable_styleguide_preview":"yes","typography_enable_styleguide_preview":"yes"},"metadata":[],"right-sidebar":{"block-8":{"content":"<!-- wp:search {\"label\":\"Search\",\"buttonText\":\"Search\"} \/-->"},"block-10":{"content":"<!-- wp:group {\"layout\":{\"type\":\"constrained\"}} -->\n<div class=\"wp-block-group\"><!-- wp:heading -->\n<h2 class=\"wp-block-heading\">Recent Posts<\/h2>\n<!-- \/wp:heading -->\n\n<!-- wp:latest-posts \/--><\/div>\n<!-- \/wp:group -->"},"block-12":{"content":"<!-- wp:group {\"layout\":{\"type\":\"constrained\"}} -->\n<div class=\"wp-block-group\"><!-- wp:group {\"layout\":{\"type\":\"constrained\"}} -->\n<div class=\"wp-block-group\"><!-- wp:group {\"layout\":{\"type\":\"constrained\"}} -->\n<div class=\"wp-block-group\"><!-- wp:heading -->\n<h2 class=\"wp-block-heading\">Post Categories<\/h2>\n<!-- \/wp:heading -->\n\n<!-- wp:categories \/--><\/div>\n<!-- \/wp:group --><\/div>\n<!-- \/wp:group --><\/div>\n<!-- \/wp:group -->"}}}